prompt_method,model,n_rows,selected_accuracy,nopref_accuracy
direct,Llama-3.1-8B-Instruct,7208,0.3093784683684795,0.3072974472807991
direct,janus-7b,7208,0.21864594894561598,0.22322419533851276
direct,Mistral-7B-Instruct-v0.3,7208,0.20491120976692564,0.222669256381798
icl,Llama-3.1-8B-Instruct,7208,0.2298834628190899,0.2255826859045505
